categoryName,toplamTutar
Fishing,6929653.500002877
Cleats,4431942.660001181
Camping & Hiking,4118425.4199997648
Cardio Equipment,3694843.20000043
Women's Apparel,3147800.0
Water Sports,3113844.6000010306
Men's Footwear,2891757.540001228
Indoor/Outdoor Games,2888993.939999287
Shop By Sport,1309522.0199998172
Electronics,371034.6400000002
